Date,OpeningPrice,HighestPrice,LowestPrice,ClosingPrice,Volume,MarketCap
2019-01-01,25772.0,26488.75,25500.42,26437.89,29744288935.72,461542182425.3
2019-01-02,26476.84,27156.19,26258.05,27124.74,36076747744.42,473583739528.82
2019-01-03,26975.25,27007.06,26255.92,26328.1,31086789853.2,459725846726.56
2019-01-04,26334.16,26567.09,26003.02,26510.62,33315703486.4,462961924647.71
2019-01-05,26461.52,26825.12,26357.97,26414.95,35293324445.29,461345649295.55
2019-01-06,26354.97,28118.91,26286.23,28004.43,38448779996.31,489155084110.71
2019-01-07,28017.43,28113.8,27621.13,27651.04,35917520951.45,483030829553.47
2019-01-08,27598.98,28150.82,27383.06,27615.25,36355359294.56,482464739267.8
2019-01-09,27628.77,27881.32,27567.85,27654.43,35059989151.57,483205869074.96
2019-01-10,27501.37,27703.52,24943.5,25078.13,46858976012.28,438238368804.11
2019-01-11,24940.69,25211.32,24798.5,25031.31,37598998410.43,437466905299.73
2019-01-12,24933.89,25015.08,24709.63,24760.28,32313336227.49,432773176541.82
2019-01-13,24744.19,24851.67,23973.63,24027.91,31658712315.82,420013578991.01
2019-01-14,24057.96,25211.22,24023.97,25063.89,38220104203.52,438169802810.63
2019-01-15,25070.67,25178.54,24500.34,24572.94,37476520392.57,429627076232.31
2019-01-16,24552.64,24919.54,24506.42,24711.5,36471924754.99,432091107073.12
2019-01-17,24675.67,24866.65,24473.57,24856.03,36923050279.57,434657414767.04
2019-01-18,24923.54,24954.23,24646.31,24786.98,33902069845.69,433493029289.53
2019-01-19,24758.74,25478.35,24758.74,25275.22,40372440726.35,442073365880.8
2019-01-20,25254.05,25375.68,24288.57,24410.55,37842580226.16,426997583294.24
2019-01-21,24406.21,24463.61,24122.61,24241.21,33923467846.57,424080844123.39
2019-01-22,24304.52,24614.97,24064.14,24505.05,36123681411.53,428736620255.63
2019-01-23,24546.63,24665.85,24272.66,24407.52,36993008456.03,427075107537.38
2019-01-24,24345.57,24560.1,24240.92,24456.72,35744880276.49,427985234944.86
2019-01-25,24488.6,24526.19,24272.77,24436.84,35746958520.49,427679231787.97
2019-01-26,24293.22,24665.86,24250.23,24311.74,34405854286.62,425535443887.57
2019-01-27,24326.77,24380.66,24074.09,24186.93,37595062006.12,423391904805.94
2019-01-28,24184.03,24200.68,23205.34,23415.97,46616225933.12,409939282998.41
2019-01-29,23398.57,23447.1,22939.55,23258.58,39778109927.93,407226402358.75
2019-01-30,23187.41,23532.66,23089.73,23472.11,40095177804.69,411004915810.34
2019-01-31,23409.92,23540.19,23158.09,23224.43,39165517252.58,406713141762.48
2019-02-01,23188.09,23465.54,22994.07,23371.68,36337404987.96,409337370314.87
2019-02-02,23503.45,23764.22,23388.44,23749.2,34207594026.15,415992510516.87
2019-02-03,23716.01,23751.41,23255.9,23364.42,34020854609.97,409292993928.35
2019-02-04,23385.65,23446.43,23219.56,23331.3,35968122344.36,408755677329.42
2019-02-05,23302.95,23459.41,23282.62,23379.89,35258776170.41,409649228625.49
2019-02-06,23398.52,23398.52,22922.83,23025.36,36976611873.09,403484980946.29
2019-02-07,23033.2,23120.99,22893.51,22928.94,33757742570.99,401845424159.75
2019-02-08,22941.79,24926.38,22871.96,24731.9,52175648415.61,433493587371.89
2019-02-09,24764.11,24820.47,24595.31,24761.53,41540101166.45,434059799597.76
2019-02-10,24775.01,24922.28,24557.68,24889.58,42372566358.83,436348266232.47
2019-02-11,24926.37,24926.37,24566.7,24608.13,42337829194.2,431457452851.23
2019-02-12,24742.89,24918.37,24578.55,24816.09,44017117638.73,435144216735.58
2019-02-13,24749.37,24858.72,24503.08,24603.5,43616876937.67,431463280698.2
2019-02-14,24548.16,24650.15,24389.48,24451.56,42394768682.93,428842499505.8
2019-02-15,24497.54,24703.6,24435.5,24520.85,41255918895.97,430096402362.47
2019-02-16,24486.59,24741.06,24486.59,24584.91,40196614936.57,431266096894.92
2019-02-17,24609.47,24929.02,24513.44,24883.63,47680026082.78,436555557413.66
2019-02-18,24866.56,26663.43,24857.16,26521.53,67109342126.86,465341703870.91
2019-02-19,26468.65,27140.02,26444.91,26708.41,67216878122.48,468672804732.4
2019-02-20,26674.07,27037.69,26535.93,27033.19,58755037165.02,474415534193.68
2019-02-21,26886.93,26952.48,26482.65,26576.81,52258968514.95,466447021483.0
2019-02-22,26560.57,26924.34,26549.88,26917.54,52595032361.95,472480526211.66
2019-02-23,26849.52,27973.28,26646.82,27813.75,59905826783.76,488262446609.42
2019-02-24,27833.43,28271.09,25471.72,25583.97,72474601953.0,449163083072.14
2019-02-25,25560.98,26277.41,25560.98,26069.2,62568260550.87,457728530667.45
2019-02-26,25946.16,26032.33,25673.83,25783.34,53055096354.41,452760641756.52
2019-02-27,25845.89,26055.76,25374.05,25802.79,55620435145.64,453147588040.52
2019-02-28,25734.1,26120.59,25717.78,25777.72,56170927221.84,452755365408.52
2019-03-01,25796.28,26158.0,25782.46,25835.28,51282861695.8,453819329292.85
2019-03-02,25855.31,25984.67,25699.78,25916.31,50826370937.47,455285795818.99
2019-03-03,25902.29,25990.93,25732.21,25801.08,48645987748.55,453308272146.86
2019-03-04,25786.83,25936.32,25040.13,25226.62,60553526350.37,443258417506.35
2019-03-05,25217.57,26183.96,25119.32,26133.38,68238883274.92,459239532830.54
2019-03-06,26140.06,26290.51,25968.21,26186.09,61544185456.68,460207669829.48
2019-03-07,26199.13,26440.68,26136.9,26253.49,64327960544.8,461439240894.0
2019-03-08,26277.7,26527.55,26022.55,26196.49,71439524372.86,460485157593.17
2019-03-09,26177.23,26800.22,26162.7,26639.41,72566009797.71,468317209922.05
2019-03-10,26658.64,26658.64,26377.73,26560.68,65287728217.66,466978211270.58
2019-03-11,26575.46,26660.45,26141.91,26249.38,68062262229.37,461551623416.03
2019-03-12,26258.69,26414.28,25988.29,26295.0,65986362398.03,462400893296.26
2019-03-13,26250.68,26341.58,26108.84,26208.21,63524026507.35,460918899507.04
2019-03-14,26195.16,26469.67,26166.45,26321.2,70295881895.59,462956714023.36
2019-03-15,26398.96,26680.51,26313.93,26629.21,63157277896.46,468425040977.39
2019-03-16,26611.64,27371.18,26596.59,27181.12,66169376974.64,478188960303.28
2019-03-17,27174.37,27217.35,26897.04,27023.37,55195882120.6,475463091406.42
2019-03-18,27056.4,27335.62,26916.41,27073.45,64767721015.36,476398930908.15
2019-03-19,27071.86,27404.32,27012.26,27330.31,62733382158.43,480978200565.91
2019-03-20,27323.34,27448.64,27056.99,27435.32,68301188362.51,482880778244.19
2019-03-21,27340.44,27430.19,26812.89,26974.73,72510636284.94,474822718481.05
2019-03-22,26987.82,27157.93,26941.12,26957.37,61987268644.3,474571650247.46
2019-03-23,27024.99,27207.52,26979.65,27113.09,64351675874.64,477361433920.03
2019-03-24,27108.63,27145.82,26914.0,27021.33,61436023939.76,475796285127.42
2019-03-25,27034.39,27133.34,26429.22,26624.3,69598299236.01,468855341591.0
2019-03-26,26631.14,26737.5,26466.93,26737.5,71842100240.52,470893517243.31
2019-03-27,26756.98,27447.49,26713.77,27447.49,73181825341.85,483448499978.91
2019-03-28,27498.0,27547.23,27179.68,27373.7,62925663035.88,482198961503.3
2019-03-29,27416.47,27721.08,27185.98,27619.15,73581422201.56,486573414832.39
2019-03-30,27466.42,28840.17,27209.84,27563.9,65325802261.58,485648039609.53
2019-03-31,27555.82,27606.61,27479.6,27555.47,60710861836.51,485541912089.28
2019-04-01,27555.6,27955.58,27498.81,27910.14,68180130252.49,491791329969.7
2019-04-02,27898.98,32926.09,27888.22,32751.08,143054984241.3,577091231866.32
2019-04-03,32809.83,35681.02,32787.4,33435.54,153964764666.78,589340161826.8
2019-04-04,33364.43,33980.89,32461.66,33038.87,122495199242.12,582406753898.37
2019-04-05,33068.95,33946.95,33046.69,33833.91,113104733288.8,596487927031.21
2019-04-06,33836.67,34972.19,33537.25,33991.35,113732671131.68,599322222040.87
2019-04-07,34011.34,35169.46,33928.16,34925.67,111889420088.72,615858310966.09
2019-04-08,34931.97,35731.41,34585.17,35536.15,115239619984.01,626688477970.11
2019-04-09,35529.21,35529.21,34706.45,34958.58,98879541732.93,616561022868.06
2019-04-10,34929.07,36389.2,34857.1,35737.49,104064178563.62,630364598272.63
2019-04-11,35764.85,35960.58,33697.67,34014.62,111192483869.18,600042089707.0
2019-04-12,34008.23,34290.94,33300.36,34198.65,91889181296.2,603352618482.72
2019-04-13,34116.67,34373.25,33933.91,34168.54,72561498125.0,602879039074.58
2019-04-14,34162.99,34754.68,33880.13,34645.44,69669727937.29,611346580883.69
2019-04-15,34643.79,34840.13,33683.37,33971.92,82398115590.45,599522449785.54
2019-04-16,33990.15,35146.51,33913.79,35123.8,77946105665.83,619914829228.59
2019-04-17,35146.27,35402.28,35032.64,35252.35,83490254113.97,622243607546.85
2019-04-18,35122.95,35581.13,35116.44,35436.66,88662055870.18,625563416012.98
2019-04-19,35545.85,35804.32,35110.97,35583.81,92452999161.47,628229020454.69
2019-04-20,35561.21,35925.46,35505.68,35787.32,88294584847.68,631881101230.85
2019-04-21,35773.87,35935.08,35247.31,35630.74,92063776407.47,629188177146.41
2019-04-22,35617.09,36355.87,35401.09,36199.51,97895179220.83,639292750612.92
2019-04-23,36227.04,37799.99,36160.24,37387.76,106461703750.49,660331458104.07
2019-04-24,37473.28,37947.7,36442.57,36756.02,114662975734.17,649249163364.87
2019-04-25,36745.43,37254.37,34828.44,35024.56,103048632040.57,618727320380.44
2019-04-26,35133.62,36302.4,34911.52,35599.18,113365759346.23,628944551486.29
2019-04-27,35529.26,35739.76,35220.8,35454.02,88234945181.06,626441907775.93
2019-04-28,35476.74,35843.41,35368.65,35566.87,86273418537.55,628485718279.88
2019-04-29,35566.04,35743.82,35105.92,35313.63,92437105126.56,624104900619.53
2019-04-30,35334.84,36112.76,35176.37,36028.39,93452106539.51,636799906328.59
2019-05-01,36037.87,36489.72,36015.86,36386.62,92130254719.67,643190426350.54
2019-05-02,36384.78,37191.89,36329.52,37077.54,98628979762.64,655508572295.55
2019-05-03,37079.34,39506.13,36975.96,38848.85,126082581260.59,686867133562.8
2019-05-04,38853.53,39646.13,38020.23,39270.84,118312749326.42,694422755298.47
2019-05-05,39270.17,39288.99,38441.58,39032.03,99732202975.2,690263431753.65
2019-05-06,39004.74,39080.6,38075.32,38702.45,105983557232.4,684507916371.3
2019-05-07,38866.1,40507.03,38837.67,39433.66,121939643900.94,697503617107.2
2019-05-08,39641.36,40593.52,39270.22,40542.53,103826240696.07,717193734820.48
2019-05-09,40578.05,41939.56,40578.05,41881.83,113850249821.43,740965428888.26
2019-05-10,42165.78,43932.71,42068.12,43551.95,132590286585.39,770580392092.89
2019-05-11,43535.17,50040.78,43508.09,49165.72,196993688713.26,869987456098.58
2019-05-12,49157.1,51206.8,46511.16,47579.81,189526617696.81,842017552042.91
2019-05-13,47572.02,54916.35,47074.57,53329.76,195699302733.45,943886131317.72
2019-05-14,53704.97,56874.69,52938.09,54987.99,220321937851.71,973338993618.99
2019-05-15,54934.94,56496.13,54314.26,56418.73,194894120434.97,998768789998.23
2019-05-16,56346.89,57215.51,53150.2,54218.08,228063720164.26,959912116313.78
2019-05-17,54291.23,54581.86,48448.34,50553.17,206969763533.44,895120398789.18
2019-05-18,50793.67,51524.32,50169.9,50306.22,147740699293.43,890844446912.19
2019-05-19,50283.77,57160.65,50283.77,56716.13,179207202002.41,1004470212437.17
2019-05-20,56712.06,56740.04,53127.19,55199.53,164965361603.78,977720904030.38
2019-05-21,55145.32,55727.32,54214.73,55044.11,173684543278.83,975073457908.88
2019-05-22,54916.72,55201.92,52567.83,53010.12,170621219695.59,939153849793.4
2019-05-23,53022.29,54863.0,52027.27,54435.19,168910569448.76,964507124823.68
2019-05-24,54465.86,56255.83,54070.27,55196.13,179112183136.73,978095442747.46
2019-05-25,55146.24,56015.95,54967.46,55564.8,153578220086.21,984726318569.79
2019-05-26,55582.53,59945.63,54681.81,59846.93,184083329225.35,1060736598961.49
2019-05-27,59853.7,61462.18,59816.66,60762.51,192862277943.04,1077093735984.27
2019-05-28,60723.27,60752.64,59564.11,60152.12,167122352527.57,1066395524730.87
2019-05-29,60247.96,60505.44,58618.08,59839.54,162208459981.1,1060984910891.14
2019-05-30,59890.88,62287.09,56845.17,57524.16,202222197014.42,1020047835857.31
2019-05-31,57425.78,59264.26,56406.13,59180.35,175068011468.81,1049502130037.64
2019-06-01,59203.22,59560.63,58566.15,59135.39,155283984801.31,1048817118831.47
2019-06-02,59145.45,60829.12,59116.18,60371.0,139940248254.64,1070823790203.34
2019-06-03,60361.76,60373.87,56649.9,56683.11,151941151465.66,1005499521890.85
2019-06-04,56687.0,56687.0,52223.72,53212.91,169900664666.54,944044876836.93
2019-06-05,53224.68,54589.13,52978.23,54052.92,150333163651.99,959056223572.21
2019-06-06,54026.63,54839.88,52312.05,54043.14,134552035394.65,958988092409.26
2019-06-07,54082.32,56150.1,53816.1,55582.1,132263406240.12,986406381751.58
2019-06-08,55532.51,55809.7,54156.32,54961.43,114168710071.88,975476101132.71
2019-06-09,54930.66,55112.39,52398.53,53123.08,114776798294.79,942946537844.44
2019-06-10,53151.38,55498.09,52422.03,55279.88,129137284279.21,981338748953.3
2019-06-11,55477.28,55630.81,53873.18,54946.86,118570283492.11,975525861642.81
2019-06-12,54775.05,56649.5,54339.13,56298.46,131552675986.93,999613696442.09
2019-06-13,56350.56,57499.1,55945.97,56941.21,129154230539.07,1011131373778.84
2019-06-14,56972.44,60293.07,56643.61,60176.76,137266867454.63,1068714463734.99
2019-06-15,60179.97,61353.0,59685.84,61209.28,127226753506.48,1087164104285.74
2019-06-16,61230.51,64654.61,61044.33,62290.43,161698050323.57,1106467164604.74
2019-06-17,62253.64,65214.21,62253.64,64548.98,107782686431.36,1146693953492.05
2019-06-18,64655.05,64744.45,62365.64,62897.96,109760649026.98,1117493984617.6
2019-06-19,62672.27,64197.14,62614.76,64016.98,107322738419.43,1137515204232.91
2019-06-20,64017.94,66236.49,63737.81,65772.15,123208171475.26,1168820469609.3
2019-06-21,65265.81,69510.5,65265.81,69510.5,141315707224.84,1235369290952.16
2019-06-22,69908.19,76650.52,69434.93,73520.19,206065857584.39,1306763428972.84
2019-06-23,73485.84,77260.56,72519.96,74575.96,144257663135.41,1325696801933.28
2019-06-24,74565.33,76022.82,72893.75,75646.38,132396444463.05,1344891491453.16
2019-06-25,75697.63,81087.31,75697.63,81087.31,171100078502.21,1441769871282.28
2019-06-26,81034.28,94917.09,80876.16,89549.07,310318423084.91,1592413073971.84
2019-06-27,89557.9,91580.75,72184.01,76937.77,275045269396.56,1368288307102.75
2019-06-28,76763.34,85586.71,75060.07,85326.46,241302018931.62,1517648466268.55
2019-06-29,85153.56,85154.57,79025.73,82122.61,205481856272.21,1460841061986.62
2019-06-30,81934.59,83626.52,74154.63,74279.24,187164752191.83,1321461177505.61
2019-07-01,74140.36,76952.38,69281.3,72672.27,201736897173.1,1293002217691.94
2019-07-02,72550.48,74767.04,66721.06,74009.86,212511609299.17,1316941528233.48
2019-07-03,74351.87,82255.14,74351.87,82208.34,211660548108.76,1463009465389.53
2019-07-04,82386.67,82616.21,76839.39,77175.67,178362727302.22,1373607283374.31
2019-07-05,76983.24,78306.43,74728.41,75439.59,163808500611.39,1342880219179.69
2019-07-06,75709.81,80110.87,75709.81,77267.83,145401033358.86,1375601047505.24
2019-07-07,77328.64,79562.16,76854.29,78936.41,133520506722.82,1405459817993.24
2019-07-08,78908.26,85107.24,78541.37,84694.48,161879316733.0,1508170471090.87
2019-07-09,84538.28,87943.43,84186.86,86530.47,193846002334.37,1541028595280.09
2019-07-10,86606.58,90450.64,80678.1,83747.43,231663721724.73,1491600372309.04
2019-07-11,83437.39,83471.13,76696.33,78069.15,196538375174.87,1390593071128.43
2019-07-12,78006.84,81793.64,76803.49,81178.75,161689152581.81,1446148642626.22
2019-07-13,81284.31,81482.68,75059.57,78389.21,144791002772.33,1396592865175.09
2019-07-14,78311.05,78793.97,70422.54,70570.36,154722703165.27,1257419102511.67
2019-07-15,70582.14,76051.88,68753.0,74966.93,174662552019.21,1335890995129.7
2019-07-16,74946.09,75633.74,64983.13,65186.27,166109532081.81,1161736741592.43
2019-07-17,65125.96,68508.5,63007.55,66656.53,168947694553.0,1188050929989.19
2019-07-18,66665.57,73802.91,64454.24,73319.27,173130570026.61,1306915031179.65
2019-07-19,73299.22,73732.83,70379.85,72451.44,142604693009.98,1291551980959.87
2019-07-20,72437.63,76035.79,71924.64,74098.38,139059904832.81,1321074926849.7
2019-07-21,74169.88,74612.79,71500.19,72941.98,117890941716.12,1300592910819.85
2019-07-22,72928.2,73305.63,69886.17,71181.26,112413443432.62,1269339759227.69
2019-07-23,71198.04,71198.04,68010.99,68129.16,122842611223.31,1215033375497.93
2019-07-24,68021.52,68166.44,66140.53,67500.03,119692609309.95,1203932180725.05
2019-07-25,67413.02,69785.11,67171.52,68119.14,108736365741.78,1215102335440.67
2019-07-26,68127.97,68151.27,66786.83,67833.66,99621797786.0,1210150817514.7
2019-07-27,67911.64,69949.13,64749.39,65204.53,115703166048.34,1163371018203.04
2019-07-28,65300.49,65877.84,63653.95,65721.77,94519419460.87,1172744179157.43
2019-07-29,65683.83,66601.99,65166.31,65484.11,94874110667.64,1168640861251.98
2019-07-30,65641.22,66878.11,65055.33,66227.81,95334420057.91,1182028204105.17
2019-07-31,66119.09,69434.5,66078.1,69434.5,114499703899.46,1239409372385.63
2019-08-01,69378.15,71921.82,68308.15,71596.52,118174768482.09,1278129478748.75
2019-08-02,71760.54,73525.98,71546.47,72561.69,120651943385.05,1295513648290.37
2019-08-03,73005.9,75972.85,72896.42,75104.95,106550704857.44,1341082333365.05
2019-08-04,75104.3,76406.1,73706.86,76135.27,114727715999.39,1359639836872.07
2019-08-05,76071.89,82556.7,76071.89,81935.96,165708912891.95,1463375164627.73
2019-08-06,83279.66,86539.03,79607.56,80929.13,166644053577.05,1445558118434.08
2019-08-07,80638.62,84579.11,80340.04,83911.43,155955307186.37,1498987576874.56
2019-08-08,84397.65,84576.84,81588.61,84484.97,137543505333.71,1509381964118.1
2019-08-09,84215.78,84335.47,82498.67,83577.95,129210731261.74,1493331081685.74
2019-08-10,83772.52,84154.59,79975.3,80188.06,128010739727.96,1432915435931.53
2019-08-11,80157.8,81385.54,79441.34,81385.54,111406861656.37,1454467514315.0
2019-08-12,81418.1,81418.1,79954.48,80389.99,96383651377.95,1436810237487.1
2019-08-13,80357.98,80605.0,76442.61,76904.95,117741388264.62,1374674065453.84
2019-08-14,76700.11,76700.59,70633.17,70799.18,140805469565.18,1265666260918.77
2019-08-15,70514.62,73317.31,67964.0,72433.17,160854215618.39,1295015451215.1
2019-08-16,72586.8,74028.28,69323.44,72973.1,142285208715.81,1304807389253.09
2019-08-17,72955.45,73616.79,71039.61,72061.15,97037327526.03,1288617278383.72
2019-08-18,72070.04,73859.39,71267.77,72864.51,91556389098.32,1303097929996.94
2019-08-19,72896.01,76880.68,72634.87,76880.68,112955893774.31,1375079079885.93
2019-08-20,76967.89,77184.31,74871.11,75888.32,106134766493.82,1357473270333.52
2019-08-21,76003.27,76244.43,70341.8,71579.7,137489715003.26,1280524067370.99
2019-08-22,71638.88,72277.92,69441.8,71557.9,120763500698.6,1280259318487.02
2019-08-23,71802.58,73971.14,71390.89,73726.9,110697149102.8,1319207437049.0
2019-08-24,73852.64,73926.27,70834.38,72095.08,109640513494.95,1290149530912.46
2019-08-25,72100.59,73121.6,71022.36,71942.92,100435766502.1,1287570521023.17
2019-08-26,71856.22,74595.48,71856.22,73591.34,130840689348.38,1317196673866.62
2019-08-27,74179.19,74239.99,72137.31,72839.57,105571849337.13,1303864641028.49
2019-08-28,73079.99,73623.89,69593.59,69864.1,126083609827.45,1250734084992.08
2019-08-29,69911.27,69911.27,67509.75,68144.39,122140537809.57,1220087841062.32
2019-08-30,67978.28,68987.64,67359.98,68573.61,97130602216.33,1227909992778.78
2019-08-31,68686.71,69228.34,68216.23,68923.77,81978613098.94,1234321370122.23
2019-09-01,68923.27,70112.44,68582.26,69834.87,81910978278.73,1250764241678.44
2019-09-02,69832.92,74407.0,69640.95,74050.37,123442339622.9,1326404078094.98
2019-09-03,74199.54,76999.34,73932.91,76192.03,139028631815.06,1364921163620.77
2019-09-04,76248.39,77263.95,74909.74,76056.81,120193916106.9,1362627085151.49
2019-09-05,75666.5,75945.82,75153.64,75576.09,103987741164.44,1354172418972.56
2019-09-06,75621.42,77913.07,73577.6,74013.69,139663065807.84,1326319761860.24
2019-09-07,73675.47,75132.35,73639.8,74837.63,108922627636.49,1341227803933.9
2019-09-08,74843.74,75395.38,74067.97,74296.99,97275657108.2,1331703810072.33
2019-09-09,74310.88,74361.28,72188.27,73540.58,125207454223.4,1318280049021.08
2019-09-10,73615.9,74028.59,71366.52,72045.98,106166298249.72,1291651128908.27
2019-09-11,72001.71,72662.57,70989.88,72395.31,109734585036.14,1298080464323.68
2019-09-12,72425.29,74314.3,71873.19,74085.67,109053084796.69,1328536540633.61
2019-09-13,73734.52,73919.48,72398.17,73346.46,99889375978.11,1315417388791.97
2019-09-14,73240.29,73783.49,72860.05,73329.81,95351754562.21,1315259954203.84
2019-09-15,73317.56,73533.97,73010.51,73255.6,85260283596.69,1314065303733.84
2019-09-16,73253.92,73534.58,72139.04,72755.31,107327514481.95,1305238414455.34
2019-09-17,72661.71,72769.54,72083.79,72377.31,108160983674.91,1298591002279.3
2019-09-18,72675.04,72874.56,72275.59,72323.66,114668784474.37,1297786652064.65
2019-09-19,72281.95,72956.36,69810.28,72749.06,141280892637.14,1305553661860.77
2019-09-20,72855.96,72994.72,71904.07,72255.04,104562650194.13,1296825216216.9
2019-09-21,72218.36,72249.92,70921.02,71055.82,95206622083.78,1275447572175.05
2019-09-22,71087.02,71443.93,70366.64,71415.19,93606649984.86,1282048181025.79
2019-09-23,71397.96,71442.47,68981.01,68996.47,107401753024.18,1238722095674.24
2019-09-24,69257.94,69791.8,59587.35,61365.3,177982448825.85,1101839158165.13
2019-09-25,61226.3,62232.57,59247.68,60397.69,154746359321.36,1084583102228.23
2019-09-26,60531.51,60731.31,56309.26,57902.04,137343742662.07,1039890952675.71
2019-09-27,57867.5,58997.45,56817.74,58857.11,117038413685.76,1057141446349.68
2019-09-28,58773.05,59017.68,57876.69,58734.89,100726115812.69,1055062817861.72
2019-09-29,58734.88,58846.49,56914.71,57724.49,92843056214.03,1037011120775.03
2019-09-30,57724.78,59220.6,55776.93,59075.56,121910099514.0,1061379592384.67
2019-10-01,59329.73,60744.9,58850.49,59641.08,109408716852.28,1071645042934.55
2019-10-02,59646.84,59995.88,58813.94,59995.88,93826372745.51,1078131942943.84
2019-10-03,59981.45,60149.1,58234.8,59046.55,97711584141.85,1061181692064.16
2019-10-04,59042.48,59046.49,58268.6,58659.64,93926575070.17,1054335869313.88
2019-10-05,58690.25,58728.69,57696.41,58271.0,87215254214.3,1047464198284.84
2019-10-06,58257.67,58340.11,56892.16,57101.64,94077405340.63,1026549004630.66
2019-10-07,57110.23,59392.96,56514.37,58943.84,128742645029.3,1059783638221.19
2019-10-08,58952.6,59566.41,58515.93,58823.46,111461299433.64,1057735451263.84
2019-10-09,58797.22,61639.73,58364.69,61411.35,138493665695.84,1104377967637.17
2019-10-10,61233.71,61518.96,60425.28,61242.22,125663458703.43,1101461287342.37
2019-10-11,61096.27,62067.78,59181.37,59221.05,139512852921.35,1065224530119.95
2019-10-12,58943.09,59648.92,58926.63,59091.17,103010270221.23,1062987354072.87
2019-10-13,59093.63,60044.06,58666.28,58980.95,97875893243.23,1061109337714.26
2019-10-14,58978.06,59469.8,58717.92,59359.78,107393037144.76,1068023377312.08
2019-10-15,59181.93,59445.25,57833.73,57993.91,107574832397.45,1043561251078.98
2019-10-16,58103.04,58189.0,56548.01,56990.17,113814582528.18,1025600075210.04
2019-10-17,57087.96,57705.24,56755.49,57485.91,101531067398.64,1034629893952.08
2019-10-18,57333.55,57598.81,55926.78,56429.58,110772581539.6,1015731677221.42
2019-10-19,56468.09,57238.76,56262.53,56572.59,97712061836.5,1018406273631.19
2019-10-20,56638.07,58649.36,56295.54,58226.29,109796443274.17,1048279952427.74
2019-10-21,58248.62,58755.53,58045.38,58380.38,112379305717.15,1051170929658.65
2019-10-22,58332.79,58709.59,57137.32,57163.79,118905742726.22,1029386955096.32
2019-10-23,57156.28,57274.97,52861.14,53182.09,155291948670.4,957796060758.76
2019-10-24,53060.74,53224.23,52617.44,52945.99,114948189241.81,953632799649.48
2019-10-25,52952.53,61441.37,52876.76,61223.36,202918978442.99,1102826281558.69
2019-10-26,61242.5,70810.64,61207.49,65322.2,314397193254.76,1176773687074.81
2019-10-27,65298.21,68886.28,64385.58,67488.6,230290015800.46,1215898188943.96
2019-10-28,67584.14,69280.02,65401.17,65401.17,218671087698.06,1178399023900.39
2019-10-29,65366.13,67258.46,65254.51,66633.01,200914795241.65,1200705189968.91
2019-10-30,66577.24,66608.41,64195.41,65045.82,195768810820.02,1172212691696.24
2019-10-31,64927.02,66201.95,63701.21,64906.75,187558312055.07,1169815149064.17
2019-11-01,64718.35,65293.21,64282.31,65190.77,171226365107.74,1175039888478.67
2019-11-02,65164.8,65993.12,65093.05,65621.77,149493210794.1,1182919331238.65
2019-11-03,65621.32,66008.51,64329.73,64991.96,148713777770.05,1171677511742.94
2019-11-04,64994.66,66890.85,64684.16,66240.31,184170557001.68,1194291347406.3
2019-11-05,66176.25,66488.49,65079.01,65680.77,184184081189.03,1184322783144.9
2019-11-06,65476.66,66054.06,65231.63,65616.96,162161669141.17,1183280480749.52
2019-11-07,65450.86,65563.41,64400.83,64857.17,158864096217.14,1169686924499.3
2019-11-08,64651.42,64703.0,61233.48,61438.26,169789854761.23,1108126504402.07
2019-11-09,61629.28,62205.38,61515.21,61658.06,122976583992.91,1112202705751.05
2019-11-10,61650.41,63688.54,61606.15,63350.65,144028969903.68,1142864716614.82
2019-11-11,63361.83,63532.27,60869.11,61269.14,141776702693.71,1105430047579.5
2019-11-12,61411.12,62070.23,60890.06,61803.08,142383667303.32,1115167118659.61
2019-11-13,61752.97,61926.82,61399.9,61726.54,122957144724.39,1113889409448.34
2019-11-14,61891.52,61996.92,61053.01,61162.18,134043579685.4,1103835821508.63
2019-11-15,61121.04,61297.72,59570.39,59620.58,153031369912.23,1076130557038.14
2019-11-16,59509.49,60216.15,59389.0,59927.15,115606289933.28,1081774953410.44
2019-11-17,59918.11,61167.84,59578.18,60117.89,130837288843.11,1085333736450.89
2019-11-18,60089.45,60645.22,57984.09,58234.38,151236483293.96,1051432700567.32
2019-11-19,58351.87,59078.23,56910.34,57656.38,148133470670.85,1041101275696.04
2019-11-20,57653.35,57889.67,56296.28,56414.04,145927350610.0,1018769055606.25
2019-11-21,56454.36,57062.65,53455.18,53774.39,158410216361.65,971192345525.11
2019-11-22,53728.18,54106.44,48759.5,51289.1,240696086114.6,926390805788.0
2019-11-23,51359.16,52387.55,50340.26,52074.57,147886020761.09,940691980974.99
2019-11-24,52080.46,52150.46,49480.57,49611.7,214227614904.03,896283023979.0
2019-11-25,49556.51,51526.67,46580.22,50303.78,300474148420.77,908864809561.99
2019-11-26,50276.91,51508.8,49949.1,50792.07,148677765749.76,917763790221.51
2019-11-27,50788.06,53593.11,49052.86,52973.96,168743601676.61,957278431140.14
2019-11-28,52976.31,54334.68,52395.02,52458.17,133903270644.67,948067380011.73
2019-11-29,52531.41,54743.71,52489.4,54603.45,138665591409.57,986926675488.23
2019-11-30,54601.51,55108.17,52855.96,53234.18,120666720654.91,962266375488.71
2019-12-01,53248.15,53248.15,51277.09,52212.08,131655254451.87,943881431609.83
2019-12-02,52209.91,52567.04,50869.24,51492.25,120130305365.44,930961812513.36
2019-12-03,51555.66,52223.57,50889.61,51528.7,104163941574.42,931721341842.39
2019-12-04,51688.87,53239.93,50635.32,51208.07,152975537973.36,926027473728.63
2019-12-05,51134.63,54590.42,50989.65,52509.82,132651519272.13,949667037441.78
2019-12-06,52487.72,53167.08,52076.39,53167.08,127542344237.92,961649606342.69
2019-12-07,53097.28,53397.59,52945.64,53160.4,108720153224.32,961632429667.65
2019-12-08,53125.94,53711.75,52596.54,53217.44,108413326358.87,962762653194.16
2019-12-09,53199.5,53595.56,51821.92,52067.55,125735031257.68,942054851914.03
2019-12-10,52070.65,52259.92,51007.08,51232.87,128460405290.21,927048510572.89
2019-12-11,51189.99,51520.31,50615.5,50769.55,115014256655.61,918749188112.51
2019-12-12,50797.18,51148.42,50431.18,50982.97,133223932280.82,922696239081.61
2019-12-13,50861.15,51204.44,50738.02,51036.82,120231236188.46,923767062550.72
2019-12-14,50685.33,50963.78,49488.13,49679.64,119494794603.95,899296455636.2
2019-12-15,49676.61,50072.92,48282.98,49872.29,117710430012.41,902861025924.94
2019-12-16,49881.78,50003.84,48138.69,48339.49,140945082140.11,875207636254.96
2019-12-17,48398.6,48627.35,46001.19,46368.06,156157499328.03,839547637803.28
2019-12-18,46515.28,51254.38,45762.03,50917.24,222766517183.64,921915874713.8
2019-12-19,50979.52,51462.95,49324.88,50455.92,181461753933.8,913772539784.3
2019-12-20,50535.43,50880.94,49676.56,50606.79,158672097938.25,916629407950.27
2019-12-21,50592.53,50610.98,49836.81,50386.29,135317259276.33,912746384519.75
2019-12-22,50386.5,52676.6,50218.27,52631.45,162096767097.38,953527944089.96
2019-12-23,52612.63,53644.53,51332.43,51538.68,195008989268.31,933822911027.94
2019-12-24,51574.89,52846.47,50979.75,51351.46,161235647500.81,930511484130.3
2019-12-25,51334.5,51553.58,50600.37,50979.93,151076076379.77,923860109787.69
2019-12-26,50846.48,51639.8,50326.38,50596.04,159267527934.09,917009490379.29
2019-12-27,50647.45,51524.82,50310.12,51010.94,159380028094.29,924619743992.19
2019-12-28,50992.6,51762.21,50977.73,51195.19,149469975356.14,928056250127.66
2019-12-29,51192.8,52566.08,50928.48,51927.39,157022533829.85,941430652915.17
2019-12-30,51910.74,52152.46,50903.6,51020.33,160022850350.88,925090509527.15
2019-12-31,50964.79,51250.2,50093.8,50260.24,147896205897.39,911400899502.64
